name,software,wall_time,basis,level_of_theory,energy,nbasis,termination
/cluster/home/schmidtn/master/wahlprak/dft-mp2-data/rerun/orca/ala0.xyz/hf/def2tzvpp/ala0.xyz.a494b05e-dd7a-11ef-9693-d85ed34e2189.out,orca,912.451,def2tzvpp,hf,-25332.41424334646,911,NORMAL TERMINATION
/cluster/home/schmidtn/master/wahlprak/dft-mp2-data/rerun/gaussian/ala0.xyz/hf/def2tzvpp/ala0.xyz.a494d82c-dd7a-11ef-9693-d85ed34e2189.out,gaussian,989.6,def2tzvpp,hf,-25332.41333726909,911,NORMAL TERMINATION
/cluster/home/schmidtn/master/wahlprak/dft-mp2-data/rerun/orca/ala0.xyz/r2scan-3c/def2tzvpp/ala0.xyz.a4953006-dd7a-11ef-9693-d85ed34e2189.out,orca,23.325,def2tzvpp,r2scan-3c,-25472.581016391992,511,NORMAL TERMINATION
/cluster/home/schmidtn/master/wahlprak/dft-mp2-data/rerun/orca/ala0.xyz/b973c/def2tzvpp/ala0.xyz.a4956832-dd7a-11ef-9693-d85ed34e2189.out,orca,26.561,def2tzvpp,b973c,-25466.43332485817,450,NORMAL TERMINATION
/cluster/home/schmidtn/master/wahlprak/dft-mp2-data/rerun/orca/ala0.xyz/rimp2/def2tzvpp/ala0.xyz.a495d5b0-dd7a-11ef-9693-d85ed34e2189.out,orca,970.764,def2tzvpp,rimp2,-25430.448510151324,911,NORMAL TERMINATION
/cluster/home/schmidtn/master/wahlprak/dft-mp2-data/rerun/orca/ala0.xyz/pbe0/def2tzvpp/ala0.xyz.a4960bc0-dd7a-11ef-9693-d85ed34e2189.out,orca,139.534,def2tzvpp,pbe0,-25458.746684330144,911,NORMAL TERMINATION
/cluster/home/schmidtn/master/wahlprak/dft-mp2-data/rerun/gaussian/ala0.xyz/pbe0/def2tzvpp/ala0.xyz.a49629ac-dd7a-11ef-9693-d85ed34e2189.out,gaussian,1229.7,def2tzvpp,pbe0,-25458.7129315532,911,NORMAL TERMINATION
/cluster/home/schmidtn/master/wahlprak/dft-mp2-data/rerun/orca/ala0.xyz/PBEh-3c/def2tzvpp/ala0.xyz.a49641c6-dd7a-11ef-9693-d85ed34e2189.out,orca,49.1,def2tzvpp,PBEh-3c,-25422.92948390111,331,NORMAL TERMINATION
/cluster/home/schmidtn/master/wahlprak/dft-mp2-data/rerun/orca/ala0.xyz/wb97xv/def2tzvpp/ala0.xyz.a4967862-dd7a-11ef-9693-d85ed34e2189.out,orca,227.571,def2tzvpp,wb97xv,-25480.572925342905,911,NORMAL TERMINATION
/cluster/home/schmidtn/master/wahlprak/dft-mp2-data/rerun/orca/ala0.xyz/wb97xd3/def2tzvpp/ala0.xyz.a496adbe-dd7a-11ef-9693-d85ed34e2189.out,orca,230.712,def2tzvpp,wb97xd3,-25481.277244816607,911,NORMAL TERMINATION
/cluster/home/schmidtn/master/wahlprak/dft-mp2-data/rerun/orca/ala0.xyz/wb97xd3bj/def2tzvpp/ala0.xyz.a496e270-dd7a-11ef-9693-d85ed34e2189.out,orca,225.494,def2tzvpp,wb97xd3bj,-25497.762305702,911,NORMAL TERMINATION
/cluster/home/schmidtn/master/wahlprak/dft-mp2-data/rerun/orca/ala0.xyz/m062x/def2tzvpp/ala0.xyz.a4971ac4-dd7a-11ef-9693-d85ed34e2189.out,orca,159.636,def2tzvpp,m062x,-25476.97356778659,911,NORMAL TERMINATION
/cluster/home/schmidtn/master/wahlprak/dft-mp2-data/rerun/gaussian/ala0.xyz/m062x/def2tzvpp/ala0.xyz.a49735fe-dd7a-11ef-9693-d85ed34e2189.out,gaussian,1213.8,def2tzvpp,m062x,-25476.92521085415,911,NORMAL TERMINATION
/cluster/home/schmidtn/master/wahlprak/dft-mp2-data/rerun/orca/ala0.xyz/camb3lyp/def2tzvpp/ala0.xyz.a4974e04-dd7a-11ef-9693-d85ed34e2189.out,orca,206.851,def2tzvpp,camb3lyp,-25476.113281822636,911,NORMAL TERMINATION
/cluster/home/schmidtn/master/wahlprak/dft-mp2-data/rerun/gaussian/ala0.xyz/camb3lyp/def2tzvpp/ala0.xyz.a49768b2-dd7a-11ef-9693-d85ed34e2189.out,gaussian,1488.3,def2tzvpp,camb3lyp,-25476.0870604932,911,NORMAL TERMINATION
/cluster/home/schmidtn/master/wahlprak/dft-mp2-data/rerun/gaussian/ala0.xyz/b2plyp/def2tzvpp/ala0.xyz.a4979dbe-dd7a-11ef-9693-d85ed34e2189.out,gaussian,13237.0,def2tzvpp,b2plyp,-25435.141603413125,911,NORMAL TERMINATION
/cluster/home/schmidtn/master/wahlprak/dft-mp2-data/rerun/orca/ala0.xyz/dlpnoccsdt/def2tzvpp/ala0.xyz.a497ef62-dd7a-11ef-9693-d85ed34e2189.out,orca,31361.485,def2tzvpp,dlpnoccsdt,-25437.03095426273,911,NORMAL TERMINATION
/cluster/home/schmidtn/master/wahlprak/dft-mp2-data/rerun/orca/ala0.xyz/hf/def2svp/ala0.xyz.a49823ce-dd7a-11ef-9693-d85ed34e2189.out,orca,52.104,def2svp,hf,-25303.492759539517,381,NORMAL TERMINATION
/cluster/home/schmidtn/master/wahlprak/dft-mp2-data/rerun/gaussian/ala0.xyz/hf/def2svp/ala0.xyz.a4983f76-dd7a-11ef-9693-d85ed34e2189.out,gaussian,57.6,def2svp,hf,-25303.491854984168,381,NORMAL TERMINATION
/cluster/home/schmidtn/master/wahlprak/dft-mp2-data/rerun/orca/ala0.xyz/r2scan-3c/def2svp/ala0.xyz.a4988a76-dd7a-11ef-9693-d85ed34e2189.out,orca,24.915,def2svp,r2scan-3c,-25472.58101639225,511,NORMAL TERMINATION
/cluster/home/schmidtn/master/wahlprak/dft-mp2-data/rerun/orca/ala0.xyz/b973c/def2svp/ala0.xyz.a498bcee-dd7a-11ef-9693-d85ed34e2189.out,orca,26.559,def2svp,b973c,-25466.43332485817,450,NORMAL TERMINATION
/cluster/home/schmidtn/master/wahlprak/dft-mp2-data/rerun/orca/ala0.xyz/mp2/def2svp/ala0.xyz.a498f240-dd7a-11ef-9693-d85ed34e2189.out,orca,127.482,def2svp,mp2,-25382.87466262756,381,NORMAL TERMINATION
/cluster/home/schmidtn/master/wahlprak/dft-mp2-data/rerun/gaussian/ala0.xyz/mp2/def2svp/ala0.xyz.a4990d5c-dd7a-11ef-9693-d85ed34e2189.out,gaussian,412.6,def2svp,mp2,-25382.873759321308,381,NORMAL TERMINATION
/cluster/home/schmidtn/master/wahlprak/dft-mp2-data/rerun/orca/ala0.xyz/rimp2/def2svp/ala0.xyz.a499254e-dd7a-11ef-9693-d85ed34e2189.out,orca,58.747,def2svp,rimp2,-25382.848303219147,381,NORMAL TERMINATION
/cluster/home/schmidtn/master/wahlprak/dft-mp2-data/rerun/orca/ala0.xyz/pbe0/def2svp/ala0.xyz.a49957d0-dd7a-11ef-9693-d85ed34e2189.out,orca,36.715,def2svp,pbe0,-25430.43862844944,381,NORMAL TERMINATION
/cluster/home/schmidtn/master/wahlprak/dft-mp2-data/rerun/gaussian/ala0.xyz/pbe0/def2svp/ala0.xyz.a4997206-dd7a-11ef-9693-d85ed34e2189.out,gaussian,111.7,def2svp,pbe0,-25430.3982669917,381,NORMAL TERMINATION
/cluster/home/schmidtn/master/wahlprak/dft-mp2-data/rerun/orca/ala0.xyz/PBEh-3c/def2svp/ala0.xyz.a49988cc-dd7a-11ef-9693-d85ed34e2189.out,orca,49.151,def2svp,PBEh-3c,-25422.92948390111,331,NORMAL TERMINATION
/cluster/home/schmidtn/master/wahlprak/dft-mp2-data/rerun/orca/ala0.xyz/wb97xv/def2svp/ala0.xyz.a499bd10-dd7a-11ef-9693-d85ed34e2189.out,orca,65.532,def2svp,wb97xv,-25451.989640000626,381,NORMAL TERMINATION
/cluster/home/schmidtn/master/wahlprak/dft-mp2-data/rerun/orca/ala0.xyz/wb97xd3/def2svp/ala0.xyz.a499ef60-dd7a-11ef-9693-d85ed34e2189.out,orca,65.316,def2svp,wb97xd3,-25452.768417575917,381,NORMAL TERMINATION
/cluster/home/schmidtn/master/wahlprak/dft-mp2-data/rerun/orca/ala0.xyz/wb97xd3bj/def2svp/ala0.xyz.a49a2372-dd7a-11ef-9693-d85ed34e2189.out,orca,62.544,def2svp,wb97xd3bj,-25469.22182443252,381,NORMAL TERMINATION
/cluster/home/schmidtn/master/wahlprak/dft-mp2-data/rerun/orca/ala0.xyz/m062x/def2svp/ala0.xyz.a49a5590-dd7a-11ef-9693-d85ed34e2189.out,orca,41.949,def2svp,m062x,-25447.3398106186,381,NORMAL TERMINATION
/cluster/home/schmidtn/master/wahlprak/dft-mp2-data/rerun/gaussian/ala0.xyz/m062x/def2svp/ala0.xyz.a49a7084-dd7a-11ef-9693-d85ed34e2189.out,gaussian,156.1,def2svp,m062x,-25447.293037832478,381,NORMAL TERMINATION
/cluster/home/schmidtn/master/wahlprak/dft-mp2-data/rerun/orca/ala0.xyz/camb3lyp/def2svp/ala0.xyz.a49a87f4-dd7a-11ef-9693-d85ed34e2189.out,orca,59.795,def2svp,camb3lyp,-25446.882121119215,381,NORMAL TERMINATION
/cluster/home/schmidtn/master/wahlprak/dft-mp2-data/rerun/gaussian/ala0.xyz/camb3lyp/def2svp/ala0.xyz.a49aa25c-dd7a-11ef-9693-d85ed34e2189.out,gaussian,126.6,def2svp,camb3lyp,-25446.850801014938,381,NORMAL TERMINATION
/cluster/home/schmidtn/master/wahlprak/dft-mp2-data/rerun/gaussian/ala0.xyz/b2plyp/def2svp/ala0.xyz.a49ad556-dd7a-11ef-9693-d85ed34e2189.out,gaussian,410.7,def2svp,b2plyp,-25406.254484672067,381,NORMAL TERMINATION
/cluster/home/schmidtn/master/wahlprak/dft-mp2-data/rerun/orca/ala0.xyz/dlpnoccsdt/def2svp/ala0.xyz.a49b201a-dd7a-11ef-9693-d85ed34e2189.out,orca,1874.015,def2svp,dlpnoccsdt,-25389.183274883802,381,NORMAL TERMINATION
/cluster/home/schmidtn/master/wahlprak/dft-mp2-data/rerun/orca/ala0.xyz/hf/def2svpd/ala0.xyz.a49b538c-dd7a-11ef-9693-d85ed34e2189.out,orca,384.906,def2svpd,hf,-25305.12112594344,576,NORMAL TERMINATION
/cluster/home/schmidtn/master/wahlprak/dft-mp2-data/rerun/orca/ala0.xyz/r2scan-3c/def2svpd/ala0.xyz.a49bb7fa-dd7a-11ef-9693-d85ed34e2189.out,orca,24.845,def2svpd,r2scan-3c,-25472.58101639225,511,NORMAL TERMINATION
/cluster/home/schmidtn/master/wahlprak/dft-mp2-data/rerun/orca/ala0.xyz/b973c/def2svpd/ala0.xyz.a49bebee-dd7a-11ef-9693-d85ed34e2189.out,orca,26.386,def2svpd,b973c,-25466.43332485817,450,NORMAL TERMINATION
/cluster/home/schmidtn/master/wahlprak/dft-mp2-data/rerun/orca/ala0.xyz/mp2/def2svpd/ala0.xyz.a49c208c-dd7a-11ef-9693-d85ed34e2189.out,orca,1053.705,def2svpd,mp2,-25388.591679124773,576,NORMAL TERMINATION
/cluster/home/schmidtn/master/wahlprak/dft-mp2-data/rerun/orca/ala0.xyz/rimp2/def2svpd/ala0.xyz.a49c5412-dd7a-11ef-9693-d85ed34e2189.out,orca,378.25,def2svpd,rimp2,-25388.5797661858,576,NORMAL TERMINATION
/cluster/home/schmidtn/master/wahlprak/dft-mp2-data/rerun/orca/ala0.xyz/pbe0/def2svpd/ala0.xyz.a49c868a-dd7a-11ef-9693-d85ed34e2189.out,orca,104.965,def2svpd,pbe0,-25432.34727609567,576,NORMAL TERMINATION
/cluster/home/schmidtn/master/wahlprak/dft-mp2-data/rerun/orca/ala0.xyz/PBEh-3c/def2svpd/ala0.xyz.a49cb830-dd7a-11ef-9693-d85ed34e2189.out,orca,47.49,def2svpd,PBEh-3c,-25422.929483901036,331,NORMAL TERMINATION
/cluster/home/schmidtn/master/wahlprak/dft-mp2-data/rerun/orca/ala0.xyz/wb97xv/def2svpd/ala0.xyz.a49cebd4-dd7a-11ef-9693-d85ed34e2189.out,orca,177.466,def2svpd,wb97xv,-25454.015022566917,576,NORMAL TERMINATION
/cluster/home/schmidtn/master/wahlprak/dft-mp2-data/rerun/orca/ala0.xyz/wb97xd3/def2svpd/ala0.xyz.a49d1ee2-dd7a-11ef-9693-d85ed34e2189.out,orca,183.514,def2svpd,wb97xd3,-25454.682513562784,576,NORMAL TERMINATION
/cluster/home/schmidtn/master/wahlprak/dft-mp2-data/rerun/orca/ala0.xyz/wb97xd3bj/def2svpd/ala0.xyz.a49d51fa-dd7a-11ef-9693-d85ed34e2189.out,orca,174.417,def2svpd,wb97xd3bj,-25471.2151883283,576,NORMAL TERMINATION
/cluster/home/schmidtn/master/wahlprak/dft-mp2-data/rerun/orca/ala0.xyz/m062x/def2svpd/ala0.xyz.a49d84f4-dd7a-11ef-9693-d85ed34e2189.out,orca,130.819,def2svpd,m062x,-25449.340712196117,576,NORMAL TERMINATION
/cluster/home/schmidtn/master/wahlprak/dft-mp2-data/rerun/orca/ala0.xyz/camb3lyp/def2svpd/ala0.xyz.a49db654-dd7a-11ef-9693-d85ed34e2189.out,orca,168.121,def2svpd,camb3lyp,-25449.127032263783,576,NORMAL TERMINATION
/cluster/home/schmidtn/master/wahlprak/dft-mp2-data/rerun/orca/ala0.xyz/dlpnoccsdt/def2svpd/ala0.xyz.a49e528a-dd7a-11ef-9693-d85ed34e2189.out,orca,6762.482,def2svpd,dlpnoccsdt,-25395.00874184967,576,NORMAL TERMINATION
/cluster/home/schmidtn/master/wahlprak/dft-mp2-data/rerun/orca/ala0.xyz/hf/ccpvdz/ala0.xyz.a49e8728-dd7a-11ef-9693-d85ed34e2189.out,orca,88.092,ccpvdz,hf,-25324.357179213494,381,NORMAL TERMINATION
/cluster/home/schmidtn/master/wahlprak/dft-mp2-data/rerun/gaussian/ala0.xyz/hf/ccpvdz/ala0.xyz.a49ea280-dd7a-11ef-9693-d85ed34e2189.out,gaussian,71.6,ccpvdz,hf,-25324.356277779094,381,NORMAL TERMINATION
/cluster/home/schmidtn/master/wahlprak/dft-mp2-data/rerun/orca/ala0.xyz/r2scan-3c/ccpvdz/ala0.xyz.a49eeee8-dd7a-11ef-9693-d85ed34e2189.out,orca,24.935,ccpvdz,r2scan-3c,-25472.58101639225,511,NORMAL TERMINATION
/cluster/home/schmidtn/master/wahlprak/dft-mp2-data/rerun/orca/ala0.xyz/b973c/ccpvdz/ala0.xyz.a49f2296-dd7a-11ef-9693-d85ed34e2189.out,orca,25.178,ccpvdz,b973c,-25466.43332485817,450,NORMAL TERMINATION
/cluster/home/schmidtn/master/wahlprak/dft-mp2-data/rerun/orca/ala0.xyz/mp2/ccpvdz/ala0.xyz.a49f56bc-dd7a-11ef-9693-d85ed34e2189.out,orca,162.956,ccpvdz,mp2,-25403.943883465552,381,NORMAL TERMINATION
/cluster/home/schmidtn/master/wahlprak/dft-mp2-data/rerun/gaussian/ala0.xyz/mp2/ccpvdz/ala0.xyz.a49f730e-dd7a-11ef-9693-d85ed34e2189.out,gaussian,695.2,ccpvdz,mp2,-25403.94263361479,381,NORMAL TERMINATION
/cluster/home/schmidtn/master/wahlprak/dft-mp2-data/rerun/orca/ala0.xyz/rimp2/ccpvdz/ala0.xyz.a49f8c22-dd7a-11ef-9693-d85ed34e2189.out,orca,94.818,ccpvdz,rimp2,-25403.93847014216,381,NORMAL TERMINATION
/cluster/home/schmidtn/master/wahlprak/dft-mp2-data/rerun/orca/ala0.xyz/pbe0/ccpvdz/ala0.xyz.a49fbfe4-dd7a-11ef-9693-d85ed34e2189.out,orca,46.11,ccpvdz,pbe0,-25450.47844870802,381,NORMAL TERMINATION
/cluster/home/schmidtn/master/wahlprak/dft-mp2-data/rerun/gaussian/ala0.xyz/pbe0/ccpvdz/ala0.xyz.a49fdab0-dd7a-11ef-9693-d85ed34e2189.out,gaussian,134.3,ccpvdz,pbe0,-25450.44150975154,381,NORMAL TERMINATION
/cluster/home/schmidtn/master/wahlprak/dft-mp2-data/rerun/orca/ala0.xyz/PBEh-3c/ccpvdz/ala0.xyz.a49ff202-dd7a-11ef-9693-d85ed34e2189.out,orca,49.335,ccpvdz,PBEh-3c,-25422.92948390111,331,NORMAL TERMINATION
/cluster/home/schmidtn/master/wahlprak/dft-mp2-data/rerun/orca/ala0.xyz/wb97xv/ccpvdz/ala0.xyz.a4a026f0-dd7a-11ef-9693-d85ed34e2189.out,orca,76.385,ccpvdz,wb97xv,-25472.086129040574,381,NORMAL TERMINATION
/cluster/home/schmidtn/master/wahlprak/dft-mp2-data/rerun/orca/ala0.xyz/wb97xd3/ccpvdz/ala0.xyz.a4a05b02-dd7a-11ef-9693-d85ed34e2189.out,orca,76.909,ccpvdz,wb97xd3,-25472.77993610395,381,NORMAL TERMINATION
/cluster/home/schmidtn/master/wahlprak/dft-mp2-data/rerun/orca/ala0.xyz/wb97xd3bj/ccpvdz/ala0.xyz.a4a08f5a-dd7a-11ef-9693-d85ed34e2189.out,orca,73.522,ccpvdz,wb97xd3bj,-25489.319909192393,381,NORMAL TERMINATION
/cluster/home/schmidtn/master/wahlprak/dft-mp2-data/rerun/orca/ala0.xyz/m062x/ccpvdz/ala0.xyz.a4a0c39e-dd7a-11ef-9693-d85ed34e2189.out,orca,50.773,ccpvdz,m062x,-25468.696472198128,381,NORMAL TERMINATION
/cluster/home/schmidtn/master/wahlprak/dft-mp2-data/rerun/gaussian/ala0.xyz/m062x/ccpvdz/ala0.xyz.a4a0df3c-dd7a-11ef-9693-d85ed34e2189.out,gaussian,174.4,ccpvdz,m062x,-25468.63887775771,381,NORMAL TERMINATION
/cluster/home/schmidtn/master/wahlprak/dft-mp2-data/rerun/orca/ala0.xyz/camb3lyp/ccpvdz/ala0.xyz.a4a0f77e-dd7a-11ef-9693-d85ed34e2189.out,orca,71.89,ccpvdz,camb3lyp,-25466.621116190505,381,NORMAL TERMINATION
/cluster/home/schmidtn/master/wahlprak/dft-mp2-data/rerun/gaussian/ala0.xyz/camb3lyp/ccpvdz/ala0.xyz.a4a1125e-dd7a-11ef-9693-d85ed34e2189.out,gaussian,178.4,ccpvdz,camb3lyp,-25466.593588259926,381,NORMAL TERMINATION
/cluster/home/schmidtn/master/wahlprak/dft-mp2-data/rerun/gaussian/ala0.xyz/b2plyp/ccpvdz/ala0.xyz.a4a14648-dd7a-11ef-9693-d85ed34e2189.out,gaussian,754.0,ccpvdz,b2plyp,-25426.541291940764,381,NORMAL TERMINATION
/cluster/home/schmidtn/master/wahlprak/dft-mp2-data/rerun/orca/ala0.xyz/dlpnoccsdt/ccpvdz/ala0.xyz.a4a19602-dd7a-11ef-9693-d85ed34e2189.out,orca,3607.536,ccpvdz,dlpnoccsdt,-25410.28068031579,381,NORMAL TERMINATION
/cluster/home/schmidtn/master/wahlprak/dft-mp2-data/rerun/orca/ala0.xyz/r2scan-3c/ccpvdzpp/ala0.xyz.a4a234c2-dd7a-11ef-9693-d85ed34e2189.out,orca,24.958,ccpvdzpp,r2scan-3c,-25472.58101639225,511,NORMAL TERMINATION
/cluster/home/schmidtn/master/wahlprak/dft-mp2-data/rerun/orca/ala0.xyz/b973c/ccpvdzpp/ala0.xyz.a4a26820-dd7a-11ef-9693-d85ed34e2189.out,orca,22.021,ccpvdzpp,b973c,-25466.433324858244,450,NORMAL TERMINATION
/cluster/home/schmidtn/master/wahlprak/dft-mp2-data/rerun/orca/ala0.xyz/PBEh-3c/ccpvdzpp/ala0.xyz.a4a33e58-dd7a-11ef-9693-d85ed34e2189.out,orca,48.103,ccpvdzpp,PBEh-3c,-25422.929483901036,331,NORMAL TERMINATION
/cluster/home/schmidtn/master/wahlprak/dft-mp2-data/rerun/orca/ala0.xyz/hf/ccpvtzf12/ala0.xyz.a4a52646-dd7a-11ef-9693-d85ed34e2189.out,orca,6471.399,ccpvtzf12,hf,-25333.177654746825,1421,NORMAL TERMINATION
/cluster/home/schmidtn/master/wahlprak/dft-mp2-data/rerun/orca/ala0.xyz/r2scan-3c/ccpvtzf12/ala0.xyz.a4a5916c-dd7a-11ef-9693-d85ed34e2189.out,orca,24.324,ccpvtzf12,r2scan-3c,-25472.581016391992,511,NORMAL TERMINATION
/cluster/home/schmidtn/master/wahlprak/dft-mp2-data/rerun/orca/ala0.xyz/b973c/ccpvtzf12/ala0.xyz.a4a5c632-dd7a-11ef-9693-d85ed34e2189.out,orca,26.234,ccpvtzf12,b973c,-25466.43332485817,450,NORMAL TERMINATION
/cluster/home/schmidtn/master/wahlprak/dft-mp2-data/rerun/orca/ala0.xyz/pbe0/ccpvtzf12/ala0.xyz.a4a66c04-dd7a-11ef-9693-d85ed34e2189.out,orca,324.511,ccpvtzf12,pbe0,-25459.79633085598,1421,NORMAL TERMINATION
/cluster/home/schmidtn/master/wahlprak/dft-mp2-data/rerun/orca/ala0.xyz/PBEh-3c/ccpvtzf12/ala0.xyz.a4a6a016-dd7a-11ef-9693-d85ed34e2189.out,orca,48.523,ccpvtzf12,PBEh-3c,-25422.92948390111,331,NORMAL TERMINATION
/cluster/home/schmidtn/master/wahlprak/dft-mp2-data/rerun/orca/ala0.xyz/wb97xv/ccpvtzf12/ala0.xyz.a4a6d5cc-dd7a-11ef-9693-d85ed34e2189.out,orca,600.313,ccpvtzf12,wb97xv,-25481.633994739466,1421,NORMAL TERMINATION
/cluster/home/schmidtn/master/wahlprak/dft-mp2-data/rerun/orca/ala0.xyz/wb97xd3/ccpvtzf12/ala0.xyz.a4a70db2-dd7a-11ef-9693-d85ed34e2189.out,orca,628.205,ccpvtzf12,wb97xd3,-25482.38502120197,1421,NORMAL TERMINATION
/cluster/home/schmidtn/master/wahlprak/dft-mp2-data/rerun/orca/ala0.xyz/wb97xd3bj/ccpvtzf12/ala0.xyz.a4a743fe-dd7a-11ef-9693-d85ed34e2189.out,orca,596.525,ccpvtzf12,wb97xd3bj,-25498.826129389807,1421,NORMAL TERMINATION
/cluster/home/schmidtn/master/wahlprak/dft-mp2-data/rerun/orca/ala0.xyz/m062x/ccpvtzf12/ala0.xyz.a4a779fa-dd7a-11ef-9693-d85ed34e2189.out,orca,406.798,ccpvtzf12,m062x,-25477.92440608736,1421,NORMAL TERMINATION
/cluster/home/schmidtn/master/wahlprak/dft-mp2-data/rerun/orca/ala0.xyz/camb3lyp/ccpvtzf12/ala0.xyz.a4a7b1d6-dd7a-11ef-9693-d85ed34e2189.out,orca,577.312,ccpvtzf12,camb3lyp,-25477.194783501494,1421,NORMAL TERMINATION
/cluster/home/schmidtn/master/wahlprak/dft-mp2-data/rerun/orca/ala0.xyz/hf/631+gd/ala0.xyz.a4a88e12-dd7a-11ef-9693-d85ed34e2189.out,orca,131.609,631+gd,hf,-25322.557413938044,388,NORMAL TERMINATION
/cluster/home/schmidtn/master/wahlprak/dft-mp2-data/rerun/gaussian/ala0.xyz/hf/631+gd/ala0.xyz.a4a8a870-dd7a-11ef-9693-d85ed34e2189.out,gaussian,86.2,631+gd,hf,-25322.660853059046,407,NORMAL TERMINATION
/cluster/home/schmidtn/master/wahlprak/dft-mp2-data/rerun/orca/ala0.xyz/r2scan-3c/631+gd/ala0.xyz.a4a8f0b4-dd7a-11ef-9693-d85ed34e2189.out,orca,24.95,631+gd,r2scan-3c,-25472.58101639225,511,NORMAL TERMINATION
/cluster/home/schmidtn/master/wahlprak/dft-mp2-data/rerun/orca/ala0.xyz/b973c/631+gd/ala0.xyz.a4a924b2-dd7a-11ef-9693-d85ed34e2189.out,orca,25.056,631+gd,b973c,-25466.43332485817,450,NORMAL TERMINATION
/cluster/home/schmidtn/master/wahlprak/dft-mp2-data/rerun/orca/ala0.xyz/mp2/631+gd/ala0.xyz.a4a9581a-dd7a-11ef-9693-d85ed34e2189.out,orca,272.238,631+gd,mp2,-25398.58219016136,388,NORMAL TERMINATION
/cluster/home/schmidtn/master/wahlprak/dft-mp2-data/rerun/gaussian/ala0.xyz/mp2/631+gd/ala0.xyz.a4a9746c-dd7a-11ef-9693-d85ed34e2189.out,gaussian,621.7,631+gd,mp2,-25399.533511944905,407,NORMAL TERMINATION
/cluster/home/schmidtn/master/wahlprak/dft-mp2-data/rerun/orca/ala0.xyz/pbe0/631+gd/ala0.xyz.a4a9bcec-dd7a-11ef-9693-d85ed34e2189.out,orca,61.24,631+gd,pbe0,-25449.072214415908,388,NORMAL TERMINATION
/cluster/home/schmidtn/master/wahlprak/dft-mp2-data/rerun/gaussian/ala0.xyz/pbe0/631+gd/ala0.xyz.a4a9d63c-dd7a-11ef-9693-d85ed34e2189.out,gaussian,216.7,631+gd,pbe0,-25449.336836282415,407,NORMAL TERMINATION
/cluster/home/schmidtn/master/wahlprak/dft-mp2-data/rerun/orca/ala0.xyz/PBEh-3c/631+gd/ala0.xyz.a4a9ed34-dd7a-11ef-9693-d85ed34e2189.out,orca,48.791,631+gd,PBEh-3c,-25422.92948390111,331,NORMAL TERMINATION
/cluster/home/schmidtn/master/wahlprak/dft-mp2-data/rerun/orca/ala0.xyz/wb97xv/631+gd/ala0.xyz.a4aa20a6-dd7a-11ef-9693-d85ed34e2189.out,orca,116.661,631+gd,wb97xv,-25470.811321756482,388,NORMAL TERMINATION
/cluster/home/schmidtn/master/wahlprak/dft-mp2-data/rerun/orca/ala0.xyz/wb97xd3/631+gd/ala0.xyz.a4aa5152-dd7a-11ef-9693-d85ed34e2189.out,orca,117.223,631+gd,wb97xd3,-25471.503984111514,388,NORMAL TERMINATION
/cluster/home/schmidtn/master/wahlprak/dft-mp2-data/rerun/orca/ala0.xyz/wb97xd3bj/631+gd/ala0.xyz.a4aa8492-dd7a-11ef-9693-d85ed34e2189.out,orca,112.91,631+gd,wb97xd3bj,-25488.00976245296,388,NORMAL TERMINATION
/cluster/home/schmidtn/master/wahlprak/dft-mp2-data/rerun/orca/ala0.xyz/m062x/631+gd/ala0.xyz.a4aab5d4-dd7a-11ef-9693-d85ed34e2189.out,orca,63.989,631+gd,m062x,-25466.682418515025,388,NORMAL TERMINATION
/cluster/home/schmidtn/master/wahlprak/dft-mp2-data/rerun/gaussian/ala0.xyz/m062x/631+gd/ala0.xyz.a4aacf4c-dd7a-11ef-9693-d85ed34e2189.out,gaussian,285.5,631+gd,m062x,-25466.86936171518,407,NORMAL TERMINATION
/cluster/home/schmidtn/master/wahlprak/dft-mp2-data/rerun/orca/ala0.xyz/camb3lyp/631+gd/ala0.xyz.a4aae6b2-dd7a-11ef-9693-d85ed34e2189.out,orca,98.221,631+gd,camb3lyp,-25465.763091634548,388,NORMAL TERMINATION
/cluster/home/schmidtn/master/wahlprak/dft-mp2-data/rerun/gaussian/ala0.xyz/camb3lyp/631+gd/ala0.xyz.a4ab00ac-dd7a-11ef-9693-d85ed34e2189.out,gaussian,228.7,631+gd,camb3lyp,-25466.155690597057,407,NORMAL TERMINATION
/cluster/home/schmidtn/master/wahlprak/dft-mp2-data/rerun/gaussian/ala0.xyz/b2plyp/631+gd/ala0.xyz.a4ab322a-dd7a-11ef-9693-d85ed34e2189.out,gaussian,680.0,631+gd,b2plyp,-25425.492623801474,407,NORMAL TERMINATION
/cluster/home/schmidtn/master/wahlprak/dft-mp2-data/rerun/orca/ala0.xyz/hf/631+gdp/ala0.xyz.a4abae12-dd7a-11ef-9693-d85ed34e2189.out,orca,176.232,631+gdp,hf,-25323.99065574643,457,NORMAL TERMINATION
/cluster/home/schmidtn/master/wahlprak/dft-mp2-data/rerun/gaussian/ala0.xyz/hf/631+gdp/ala0.xyz.a4abc79e-dd7a-11ef-9693-d85ed34e2189.out,gaussian,123.5,631+gdp,hf,-25324.0437994852,476,NORMAL TERMINATION
/cluster/home/schmidtn/master/wahlprak/dft-mp2-data/rerun/orca/ala0.xyz/r2scan-3c/631+gdp/ala0.xyz.a4ac10e6-dd7a-11ef-9693-d85ed34e2189.out,orca,23.28,631+gdp,r2scan-3c,-25472.581016391992,511,NORMAL TERMINATION
/cluster/home/schmidtn/master/wahlprak/dft-mp2-data/rerun/orca/ala0.xyz/b973c/631+gdp/ala0.xyz.a4ac4494-dd7a-11ef-9693-d85ed34e2189.out,orca,23.209,631+gdp,b973c,-25466.433324858244,450,NORMAL TERMINATION
/cluster/home/schmidtn/master/wahlprak/dft-mp2-data/rerun/orca/ala0.xyz/mp2/631+gdp/ala0.xyz.a4ac786a-dd7a-11ef-9693-d85ed34e2189.out,orca,486.376,631+gdp,mp2,-25403.78878685607,457,NORMAL TERMINATION
/cluster/home/schmidtn/master/wahlprak/dft-mp2-data/rerun/orca/ala0.xyz/pbe0/631+gdp/ala0.xyz.a4acdc24-dd7a-11ef-9693-d85ed34e2189.out,orca,68.48,631+gdp,pbe0,-25450.302198496756,457,NORMAL TERMINATION
/cluster/home/schmidtn/master/wahlprak/dft-mp2-data/rerun/gaussian/ala0.xyz/pbe0/631+gdp/ala0.xyz.a4acf5ba-dd7a-11ef-9693-d85ed34e2189.out,gaussian,279.4,631+gdp,pbe0,-25450.54374485718,476,NORMAL TERMINATION
/cluster/home/schmidtn/master/wahlprak/dft-mp2-data/rerun/orca/ala0.xyz/PBEh-3c/631+gdp/ala0.xyz.a4ad0cbc-dd7a-11ef-9693-d85ed34e2189.out,orca,46.417,631+gdp,PBEh-3c,-25422.929483901036,331,NORMAL TERMINATION
/cluster/home/schmidtn/master/wahlprak/dft-mp2-data/rerun/orca/ala0.xyz/wb97xv/631+gdp/ala0.xyz.a4ad4010-dd7a-11ef-9693-d85ed34e2189.out,orca,128.947,631+gdp,wb97xv,-25472.030197677697,457,NORMAL TERMINATION
/cluster/home/schmidtn/master/wahlprak/dft-mp2-data/rerun/orca/ala0.xyz/wb97xd3/631+gdp/ala0.xyz.a4ad7170-dd7a-11ef-9693-d85ed34e2189.out,orca,128.552,631+gdp,wb97xd3,-25472.706085584883,457,NORMAL TERMINATION
/cluster/home/schmidtn/master/wahlprak/dft-mp2-data/rerun/orca/ala0.xyz/wb97xd3bj/631+gdp/ala0.xyz.a4ada302-dd7a-11ef-9693-d85ed34e2189.out,orca,126.69,631+gdp,wb97xd3bj,-25489.233458602874,457,NORMAL TERMINATION
/cluster/home/schmidtn/master/wahlprak/dft-mp2-data/rerun/orca/ala0.xyz/m062x/631+gdp/ala0.xyz.a4add48a-dd7a-11ef-9693-d85ed34e2189.out,orca,71.198,631+gdp,m062x,-25467.717702873102,457,NORMAL TERMINATION
/cluster/home/schmidtn/master/wahlprak/dft-mp2-data/rerun/gaussian/ala0.xyz/m062x/631+gdp/ala0.xyz.a4adee16-dd7a-11ef-9693-d85ed34e2189.out,gaussian,303.6,631+gdp,m062x,-25467.903999582704,476,NORMAL TERMINATION
/cluster/home/schmidtn/master/wahlprak/dft-mp2-data/rerun/orca/ala0.xyz/camb3lyp/631+gdp/ala0.xyz.a4ae0496-dd7a-11ef-9693-d85ed34e2189.out,orca,109.035,631+gdp,camb3lyp,-25466.951668403566,457,NORMAL TERMINATION
/cluster/home/schmidtn/master/wahlprak/dft-mp2-data/rerun/gaussian/ala0.xyz/camb3lyp/631+gdp/ala0.xyz.a4ae1dbe-dd7a-11ef-9693-d85ed34e2189.out,gaussian,294.7,631+gdp,camb3lyp,-25467.358994506856,476,NORMAL TERMINATION
/cluster/home/schmidtn/master/wahlprak/dft-mp2-data/rerun/gaussian/ala0.xyz/b2plyp/631+gdp/ala0.xyz.a4ae4ef6-dd7a-11ef-9693-d85ed34e2189.out,gaussian,1490.7,631+gdp,b2plyp,-25426.77686049297,476,NORMAL TERMINATION
/cluster/home/schmidtn/master/wahlprak/dft-mp2-data/rerun/orca/ala0.xyz/hf/6311++g2d2p/ala0.xyz.a4aecaca-dd7a-11ef-9693-d85ed34e2189.out,orca,924.678,6311++g2d2p,hf,-25330.24026396665,743,NORMAL TERMINATION
/cluster/home/schmidtn/master/wahlprak/dft-mp2-data/rerun/gaussian/ala0.xyz/hf/6311++g2d2p/ala0.xyz.a4aee5e6-dd7a-11ef-9693-d85ed34e2189.out,gaussian,658.3,6311++g2d2p,hf,-25330.23824981837,743,NORMAL TERMINATION
/cluster/home/schmidtn/master/wahlprak/dft-mp2-data/rerun/orca/ala0.xyz/r2scan-3c/6311++g2d2p/ala0.xyz.a4af2f24-dd7a-11ef-9693-d85ed34e2189.out,orca,25.066,6311++g2d2p,r2scan-3c,-25472.58101639225,511,NORMAL TERMINATION
/cluster/home/schmidtn/master/wahlprak/dft-mp2-data/rerun/orca/ala0.xyz/b973c/6311++g2d2p/ala0.xyz.a4af626e-dd7a-11ef-9693-d85ed34e2189.out,orca,23.509,6311++g2d2p,b973c,-25466.433324858244,450,NORMAL TERMINATION
/cluster/home/schmidtn/master/wahlprak/dft-mp2-data/rerun/gaussian/ala0.xyz/mp2/6311++g2d2p/ala0.xyz.a4afb14c-dd7a-11ef-9693-d85ed34e2189.out,gaussian,7349.9,6311++g2d2p,mp2,-25420.4020562973,743,NORMAL TERMINATION
/cluster/home/schmidtn/master/wahlprak/dft-mp2-data/rerun/orca/ala0.xyz/pbe0/6311++g2d2p/ala0.xyz.a4affc7e-dd7a-11ef-9693-d85ed34e2189.out,orca,174.235,6311++g2d2p,pbe0,-25456.73254170988,743,NORMAL TERMINATION
/cluster/home/schmidtn/master/wahlprak/dft-mp2-data/rerun/gaussian/ala0.xyz/pbe0/6311++g2d2p/ala0.xyz.a4b01812-dd7a-11ef-9693-d85ed34e2189.out,gaussian,994.5,6311++g2d2p,pbe0,-25456.6994202728,743,NORMAL TERMINATION
/cluster/home/schmidtn/master/wahlprak/dft-mp2-data/rerun/orca/ala0.xyz/PBEh-3c/6311++g2d2p/ala0.xyz.a4b02ef6-dd7a-11ef-9693-d85ed34e2189.out,orca,49.155,6311++g2d2p,PBEh-3c,-25422.92948390111,331,NORMAL TERMINATION
/cluster/home/schmidtn/master/wahlprak/dft-mp2-data/rerun/orca/ala0.xyz/wb97xv/6311++g2d2p/ala0.xyz.a4b0638a-dd7a-11ef-9693-d85ed34e2189.out,orca,336.397,6311++g2d2p,wb97xv,-25478.588024481156,743,NORMAL TERMINATION
/cluster/home/schmidtn/master/wahlprak/dft-mp2-data/rerun/orca/ala0.xyz/wb97xd3/6311++g2d2p/ala0.xyz.a4b0959e-dd7a-11ef-9693-d85ed34e2189.out,orca,325.98,6311++g2d2p,wb97xd3,-25479.227201138598,743,NORMAL TERMINATION
/cluster/home/schmidtn/master/wahlprak/dft-mp2-data/rerun/orca/ala0.xyz/wb97xd3bj/6311++g2d2p/ala0.xyz.a4b0c780-dd7a-11ef-9693-d85ed34e2189.out,orca,328.167,6311++g2d2p,wb97xd3bj,-25495.774894231057,743,NORMAL TERMINATION
/cluster/home/schmidtn/master/wahlprak/dft-mp2-data/rerun/orca/ala0.xyz/m062x/6311++g2d2p/ala0.xyz.a4b0f9c6-dd7a-11ef-9693-d85ed34e2189.out,orca,181.729,6311++g2d2p,m062x,-25475.09019936034,743,NORMAL TERMINATION
/cluster/home/schmidtn/master/wahlprak/dft-mp2-data/rerun/gaussian/ala0.xyz/m062x/6311++g2d2p/ala0.xyz.a4b113c0-dd7a-11ef-9693-d85ed34e2189.out,gaussian,1088.3,6311++g2d2p,m062x,-25475.044291999875,743,NORMAL TERMINATION
/cluster/home/schmidtn/master/wahlprak/dft-mp2-data/rerun/orca/ala0.xyz/camb3lyp/6311++g2d2p/ala0.xyz.a4b12a90-dd7a-11ef-9693-d85ed34e2189.out,orca,294.675,6311++g2d2p,camb3lyp,-25474.08756347229,743,NORMAL TERMINATION
/cluster/home/schmidtn/master/wahlprak/dft-mp2-data/rerun/gaussian/ala0.xyz/camb3lyp/6311++g2d2p/ala0.xyz.a4b14426-dd7a-11ef-9693-d85ed34e2189.out,gaussian,1073.2,6311++g2d2p,camb3lyp,-25474.061901161735,743,NORMAL TERMINATION
/cluster/home/schmidtn/master/wahlprak/dft-mp2-data/rerun/gaussian/ala0.xyz/b2plyp/6311++g2d2p/ala0.xyz.a4b17720-dd7a-11ef-9693-d85ed34e2189.out,gaussian,10983.3,6311++g2d2p,b2plyp,-25433.065681079584,743,NORMAL TERMINATION
/cluster/home/schmidtn/master/wahlprak/dft-mp2-data/rerun/orca/ala0.xyz/hf/sto3g/ala0.xyz.a4b1f5a6-dd7a-11ef-9693-d85ed34e2189.out,orca,7.271,sto3g,hf,-24999.643823702416,118,NORMAL TERMINATION
/cluster/home/schmidtn/master/wahlprak/dft-mp2-data/rerun/gaussian/ala0.xyz/hf/sto3g/ala0.xyz.a4b210c2-dd7a-11ef-9693-d85ed34e2189.out,gaussian,4.1,sto3g,hf,-24999.642933176805,118,NORMAL TERMINATION
/cluster/home/schmidtn/master/wahlprak/dft-mp2-data/rerun/orca/ala0.xyz/ccsd/sto3g/ala0.xyz.a4b22904-dd7a-11ef-9693-d85ed34e2189.out,orca,186.997,sto3g,ccsd,-25032.616599322293,118,NORMAL TERMINATION
/cluster/home/schmidtn/master/wahlprak/dft-mp2-data/rerun/gaussian/ala0.xyz/ccsd/sto3g/ala0.xyz.a4b24574-dd7a-11ef-9693-d85ed34e2189.out,gaussian,218.0,sto3g,ccsd,-25032.615667856124,118,NORMAL TERMINATION
/cluster/home/schmidtn/master/wahlprak/dft-mp2-data/rerun/orca/ala0.xyz/r2scan-3c/sto3g/ala0.xyz.a4b25dc0-dd7a-11ef-9693-d85ed34e2189.out,orca,24.879,sto3g,r2scan-3c,-25472.58101639225,511,NORMAL TERMINATION
/cluster/home/schmidtn/master/wahlprak/dft-mp2-data/rerun/orca/ala0.xyz/b973c/sto3g/ala0.xyz.a4b294fc-dd7a-11ef-9693-d85ed34e2189.out,orca,25.093,sto3g,b973c,-25466.43332485817,450,NORMAL TERMINATION
/cluster/home/schmidtn/master/wahlprak/dft-mp2-data/rerun/orca/ala0.xyz/mp2/sto3g/ala0.xyz.a4b2cb7a-dd7a-11ef-9693-d85ed34e2189.out,orca,11.611,sto3g,mp2,-25027.01477413891,118,NORMAL TERMINATION
/cluster/home/schmidtn/master/wahlprak/dft-mp2-data/rerun/gaussian/ala0.xyz/mp2/sto3g/ala0.xyz.a4b2e6d2-dd7a-11ef-9693-d85ed34e2189.out,gaussian,5.5,sto3g,mp2,-25027.014005947956,118,NORMAL TERMINATION
/cluster/home/schmidtn/master/wahlprak/dft-mp2-data/rerun/orca/ala0.xyz/pbe0/sto3g/ala0.xyz.a4b334d4-dd7a-11ef-9693-d85ed34e2189.out,orca,23.845,sto3g,pbe0,-25123.473735040647,118,NORMAL TERMINATION
/cluster/home/schmidtn/master/wahlprak/dft-mp2-data/rerun/gaussian/ala0.xyz/pbe0/sto3g/ala0.xyz.a4b35108-dd7a-11ef-9693-d85ed34e2189.out,gaussian,28.1,sto3g,pbe0,-25123.20790628606,118,NORMAL TERMINATION
/cluster/home/schmidtn/master/wahlprak/dft-mp2-data/rerun/orca/ala0.xyz/PBEh-3c/sto3g/ala0.xyz.a4b3690e-dd7a-11ef-9693-d85ed34e2189.out,orca,47.238,sto3g,PBEh-3c,-25422.929483901036,331,NORMAL TERMINATION
/cluster/home/schmidtn/master/wahlprak/dft-mp2-data/rerun/orca/ala0.xyz/wb97xv/sto3g/ala0.xyz.a4b39e56-dd7a-11ef-9693-d85ed34e2189.out,orca,28.547,sto3g,wb97xv,-25144.916655539713,118,NORMAL TERMINATION
/cluster/home/schmidtn/master/wahlprak/dft-mp2-data/rerun/orca/ala0.xyz/wb97xd3/sto3g/ala0.xyz.a4b3d290-dd7a-11ef-9693-d85ed34e2189.out,orca,25.309,sto3g,wb97xd3,-25146.33098731317,118,NORMAL TERMINATION
/cluster/home/schmidtn/master/wahlprak/dft-mp2-data/rerun/orca/ala0.xyz/wb97xd3bj/sto3g/ala0.xyz.a4b40580-dd7a-11ef-9693-d85ed34e2189.out,orca,25.881,sto3g,wb97xd3bj,-25162.359797255387,118,NORMAL TERMINATION
/cluster/home/schmidtn/master/wahlprak/dft-mp2-data/rerun/orca/ala0.xyz/m062x/sto3g/ala0.xyz.a4b43910-dd7a-11ef-9693-d85ed34e2189.out,orca,16.607,sto3g,m062x,-25147.813367678526,118,NORMAL TERMINATION
/cluster/home/schmidtn/master/wahlprak/dft-mp2-data/rerun/gaussian/ala0.xyz/m062x/sto3g/ala0.xyz.a4b4535a-dd7a-11ef-9693-d85ed34e2189.out,gaussian,48.9,sto3g,m062x,-25147.56218007063,118,NORMAL TERMINATION
/cluster/home/schmidtn/master/wahlprak/dft-mp2-data/rerun/orca/ala0.xyz/camb3lyp/sto3g/ala0.xyz.a4b46b24-dd7a-11ef-9693-d85ed34e2189.out,orca,25.363,sto3g,camb3lyp,-25134.23134356196,118,NORMAL TERMINATION
/cluster/home/schmidtn/master/wahlprak/dft-mp2-data/rerun/gaussian/ala0.xyz/camb3lyp/sto3g/ala0.xyz.a4b48564-dd7a-11ef-9693-d85ed34e2189.out,gaussian,30.7,sto3g,camb3lyp,-25133.974340472763,118,NORMAL TERMINATION
/cluster/home/schmidtn/master/wahlprak/dft-mp2-data/rerun/gaussian/ala0.xyz/b2plyp/sto3g/ala0.xyz.a4b4bba6-dd7a-11ef-9693-d85ed34e2189.out,gaussian,24.9,sto3g,b2plyp,-25097.92736016534,118,NORMAL TERMINATION
